[
  {
    "comuna": "Arica",
    "region": "Arica y Parinacota"
  },
  {
    "comuna": "Camarones",
    "region": "Arica y Parinacota"
  },
  {
    "comuna": "Putre",
    "region": "Arica y Parinacota"
  },
  {
    "comuna": "General Lagos",
    "region": "Arica y Parinacota"
  },
  {
    "comuna": "Iquique",
    "region": "Tarapacá"
  },
  {
    "comuna": "Alto Hospicio",
    "region": "Tarapacá"
  },
  {
    "comuna": "Pozo Almonte",
    "region": "Tarapacá"
  },
  {
    "comuna": "Camiña",
    "region": "Tarapacá"
  },
  {
    "comuna": "Colchane",
    "region": "Tarapacá"
  },
  {
    "comuna": "Huara",
    "region": "Tarapacá"
  },
  {
    "comuna": "Pica",
    "region": "Tarapacá"
  },
  {
    "comuna": "Antofagasta",
    "region": "Antofagasta"
  },
  {
    "comuna": "Mejillones",
    "region": "Antofagasta"
  },
  {
    "comuna": "Sierra Gorda",
    "region": "Antofagasta"
  },
  {
    "comuna": "Taltal",
    "region": "Antofagasta"
  },
  {
    "comuna": "Calama",
    "region": "Antofagasta"
  },
  {
    "comuna": "Ollagüe",
    "region": "Antofagasta"
  },
  {
    "comuna": "San Pedro de Atacama",
    "region": "Antofagasta"
  },
  {
    "comuna": "Tocopilla",
    "region": "Antofagasta"
  },
  {
    "comuna": "María Elena",
    "region": "Antofagasta"
  },
  {
    "comuna": "Copiapó",
    "region": "Atacama"
  },
  {
    "comuna": "Caldera",
    "region": "Atacama"
  },
  {
    "comuna": "Tierra Amarilla",
    "region": "Atacama"
  },
  {
    "comuna": "Chañaral",
    "region": "Atacama"
  },
  {
    "comuna": "Diego de Almagro",
    "region": "Atacama"
  },
  {
    "comuna": "Vallenar",
    "region": "Atacama"
  },
  {
    "comuna": "Freirina",
    "region": "Atacama"
  },
  {
    "comuna": "Huasco",
    "region": "Atacama"
  },
  {
    "comuna": "Vicuña",
    "region": "Coquimbo"
  },
  {
    "comuna": "La Serena",
    "region": "Coquimbo"
  },
  {
    "comuna": "Coquimbo",
    "region": "Coquimbo"
  },
  {
    "comuna": "Andacollo",
    "region": "Coquimbo"
  },
  {
    "comuna": "La Higuera",
    "region": "Coquimbo"
  },
  {
    "comuna": "Paiguano",
    "region": "Coquimbo"
  },
  {
    "comuna": "Ovalle",
    "region": "Coquimbo"
  },
  {
    "comuna": "Combarbalá",
    "region": "Coquimbo"
  },
  {
    "comuna": "Monte Patria",
    "region": "Coquimbo"
  },
  {
    "comuna": "Punitaqui",
    "region": "Coquimbo"
  },
  {
    "comuna": "Río Hurtado",
    "region": "Coquimbo"
  },
  {
    "comuna": "Illapel",
    "region": "Coquimbo"
  },
  {
    "comuna": "Canela",
    "region": "Coquimbo"
  },
  {
    "comuna": "Los Vilos",
    "region": "Coquimbo"
  },
  {
    "comuna": "Salamanca",
    "region": "Coquimbo"
  },
  {
    "comuna": "Valparaíso",
    "region": "Valparaíso"
  },
  {
    "comuna": "Viña del Mar",
    "region": "Valparaíso"
  },
  {
    "comuna": "Concón",
    "region": "Valparaíso"
  },
  {
    "comuna": "Quintero",
    "region": "Valparaíso"
  },
  {
    "comuna": "Puchuncaví",
    "region": "Valparaíso"
  },
  {
    "comuna": "Casablanca",
    "region": "Valparaíso"
  },
  {
    "comuna": "Juan Fernández",
    "region": "Valparaíso"
  },
  {
    "comuna": "San Antonio",
    "region": "Valparaíso"
  },
  {
    "comuna": "Cartagena",
    "region": "Valparaíso"
  },
  {
    "comuna": "El Tabo",
    "region": "Valparaíso"
  },
  {
    "comuna": "El Quisco",
    "region": "Valparaíso"
  },
  {
    "comuna": "Algarrobo",
    "region": "Valparaíso"
  },
  {
    "comuna": "Santo Domingo",
    "region": "Valparaíso"
  },
  {
    "comuna": "Quillota",
    "region": "Valparaíso"
  },
  {
    "comuna": "La Calera",
    "region": "Valparaíso"
  },
  {
    "comuna": "La Cruz",
    "region": "Valparaíso"
  },
  {
    "comuna": "Hijuelas",
    "region": "Valparaíso"
  },
  {
    "comuna": "Nogales",
    "region": "Valparaíso"
  },
  {
    "comuna": "San Felipe",
    "region": "Valparaíso"
  },
  {
    "comuna": "Llaillay",
    "region": "Valparaíso"
  },
  {
    "comuna": "Catemu",
    "region": "Valparaíso"
  },
  {
    "comuna": "Panquehue",
    "region": "Valparaíso"
  },
  {
    "comuna": "Putaendo",
    "region": "Valparaíso"
  },
  {
    "comuna": "Santa María",
    "region": "Valparaíso"
  },
  {
    "comuna": "Los Andes",
    "region": "Valparaíso"
  },
  {
    "comuna": "Calle Larga",
    "region": "Valparaíso"
  },
  {
    "comuna": "Rinconada",
    "region": "Valparaíso"
  },
  {
    "comuna": "San Esteban",
    "region": "Valparaíso"
  },
  {
    "comuna": "Rancagua",
    "region": "O'Higgins"
  },
  {
    "comuna": "Machalí",
    "region": "O'Higgins"
  },
  {
    "comuna": "Graneros",
    "region": "O'Higgins"
  },
  {
    "comuna": "Mostazal",
    "region": "O'Higgins"
  },
  {
    "comuna": "Codegua",
    "region": "O'Higgins"
  },
  {
    "comuna": "Doñihue",
    "region": "O'Higgins"
  },
  {
    "comuna": "Coinco",
    "region": "O'Higgins"
  },
  {
    "comuna": "Coltauco",
    "region": "O'Higgins"
  },
  {
    "comuna": "Olivar",
    "region": "O'Higgins"
  },
  {
    "comuna": "Requínoa",
    "region": "O'Higgins"
  },
  {
    "comuna": "Rengo",
    "region": "O'Higgins"
  },
  {
    "comuna": "Malloa",
    "region": "O'Higgins"
  },
  {
    "comuna": "San Vicente",
    "region": "O'Higgins"
  },
  {
    "comuna": "Peumo",
    "region": "O'Higgins"
  },
  {
    "comuna": "Pichidegua",
    "region": "O'Higgins"
  },
  {
    "comuna": "Las Cabras",
    "region": "O'Higgins"
  },
  {
    "comuna": "San Fernando",
    "region": "O'Higgins"
  },
  {
    "comuna": "Chépica",
    "region": "O'Higgins"
  },
  {
    "comuna": "Santa Cruz",
    "region": "O'Higgins"
  },
  {
    "comuna": "Palmilla",
    "region": "O'Higgins"
  },
  {
    "comuna": "Peralillo",
    "region": "O'Higgins"
  },
  {
    "comuna": "Placilla",
    "region": "O'Higgins"
  },
  {
    "comuna": "Pumanque",
    "region": "O'Higgins"
  },
  {
    "comuna": "Marchigüe",
    "region": "O'Higgins"
  },
  {
    "comuna": "Talca",
    "region": "Maule"
  },
  {
    "comuna": "San Clemente",
    "region": "Maule"
  },
  {
    "comuna": "Pelarco",
    "region": "Maule"
  },
  {
    "comuna": "Pencahue",
    "region": "Maule"
  },
  {
    "comuna": "Maule",
    "region": "Maule"
  },
  {
    "comuna": "San Rafael",
    "region": "Maule"
  },
  {
    "comuna": "Curepto",
    "region": "Maule"
  },
  {
    "comuna": "Constitución",
    "region": "Maule"
  },
  {
    "comuna": "Empedrado",
    "region": "Maule"
  },
  {
    "comuna": "Linares",
    "region": "Maule"
  },
  {
    "comuna": "San Javier",
    "region": "Maule"
  },
  {
    "comuna": "Villa Alegre",
    "region": "Maule"
  },
  {
    "comuna": "Yerbas Buenas",
    "region": "Maule"
  },
  {
    "comuna": "Colbún",
    "region": "Maule"
  },
  {
    "comuna": "Longaví",
    "region": "Maule"
  },
  {
    "comuna": "Retiro",
    "region": "Maule"
  },
  {
    "comuna": "Parral",
    "region": "Maule"
  },
  {
    "comuna": "Cauquenes",
    "region": "Maule"
  },
  {
    "comuna": "Chanco",
    "region": "Maule"
  },
  {
    "comuna": "Pelluhue",
    "region": "Maule"
  },
  {
    "comuna": "Chillán",
    "region": "Ñuble"
  },
  {
    "comuna": "Chillán Viejo",
    "region": "Ñuble"
  },
  {
    "comuna": "Coihueco",
    "region": "Ñuble"
  },
  {
    "comuna": "El Carmen",
    "region": "Ñuble"
  },
  {
    "comuna": "Pinto",
    "region": "Ñuble"
  },
  {
    "comuna": "San Ignacio",
    "region": "Ñuble"
  },
  {
    "comuna": "Pemuco",
    "region": "Ñuble"
  },
  {
    "comuna": "Yungay",
    "region": "Ñuble"
  },
  {
    "comuna": "San Carlos",
    "region": "Ñuble"
  },
  {
    "comuna": "San Nicolás",
    "region": "Ñuble"
  },
  {
    "comuna": "Ninhue",
    "region": "Ñuble"
  },
  {
    "comuna": "Quirihue",
    "region": "Ñuble"
  },
  {
    "comuna": "Cobquecura",
    "region": "Ñuble"
  },
  {
    "comuna": "Treguaco",
    "region": "Ñuble"
  },
  {
    "comuna": "Portezuelo",
    "region": "Ñuble"
  },
  {
    "comuna": "Ránquil",
    "region": "Ñuble"
  },
  {
    "comuna": "Coelemu",
    "region": "Ñuble"
  },
  {
    "comuna": "Concepción",
    "region": "Biobío"
  },
  {
    "comuna": "Talcahuano",
    "region": "Biobío"
  },
  {
    "comuna": "Hualpén",
    "region": "Biobío"
  },
  {
    "comuna": "San Pedro de la Paz",
    "region": "Biobío"
  },
  {
    "comuna": "Chiguayante",
    "region": "Biobío"
  },
  {
    "comuna": "Penco",
    "region": "Biobío"
  },
  {
    "comuna": "Tomé",
    "region": "Biobío"
  },
  {
    "comuna": "Coronel",
    "region": "Biobío"
  },
  {
    "comuna": "Lota",
    "region": "Biobío"
  },
  {
    "comuna": "Santa Juana",
    "region": "Biobío"
  },
  {
    "comuna": "Hualqui",
    "region": "Biobío"
  },
  {
    "comuna": "Florida",
    "region": "Biobío"
  },
  {
    "comuna": "Talcahuano",
    "region": "Biobío"
  },
  {
    "comuna": "Arauco",
    "region": "Biobío"
  },
  {
    "comuna": "Curanilahue",
    "region": "Biobío"
  },
  {
    "comuna": "Lebu",
    "region": "Biobío"
  },
  {
    "comuna": "Cañete",
    "region": "Biobío"
  },
  {
    "comuna": "Tirúa",
    "region": "Biobío"
  },
  {
    "comuna": "Los Ángeles",
    "region": "Biobío"
  },
  {
    "comuna": "Nacimiento",
    "region": "Biobío"
  },
  {
    "comuna": "Negrete",
    "region": "Biobío"
  },
  {
    "comuna": "Mulchén",
    "region": "Biobío"
  },
  {
    "comuna": "Santa Bárbara",
    "region": "Biobío"
  },
  {
    "comuna": "Quilaco",
    "region": "Biobío"
  },
  {
    "comuna": "Quilleco",
    "region": "Biobío"
  },
  {
    "comuna": "Yumbel",
    "region": "Biobío"
  },
  {
    "comuna": "Laja",
    "region": "Biobío"
  },
  {
    "comuna": "San Rosendo",
    "region": "Biobío"
  },
  {
    "comuna": "Cabrero",
    "region": "Biobío"
  },
  {
    "comuna": "Monte Águila",
    "region": "Biobío"
  },
  {
    "comuna": "Temuco",
    "region": "La Araucanía"
  },
  {
    "comuna": "Padre Las Casas",
    "region": "La Araucanía"
  },
  {
    "comuna": "Lautaro",
    "region": "La Araucanía"
  },
  {
    "comuna": "Vilcún",
    "region": "La Araucanía"
  },
  {
    "comuna": "Nueva Imperial",
    "region": "La Araucanía"
  },
  {
    "comuna": "Carahue",
    "region": "La Araucanía"
  },
  {
    "comuna": "Pitrufquén",
    "region": "La Araucanía"
  },
  {
    "comuna": "Freire",
    "region": "La Araucanía"
  },
  {
    "comuna": "Villarrica",
    "region": "La Araucanía"
  },
  {
    "comuna": "Pucón",
    "region": "La Araucanía"
  },
  {
    "comuna": "Curarrehue",
    "region": "La Araucanía"
  },
  {
    "comuna": "Gorbea",
    "region": "La Araucanía"
  },
  {
    "comuna": "Loncoche",
    "region": "La Araucanía"
  },
  {
    "comuna": "Perquenco",
    "region": "La Araucanía"
  },
  {
    "comuna": "Victoria",
    "region": "La Araucanía"
  },
  {
    "comuna": "Los Angeles",
    "region": "La Araucanía"
  },
  {
    "comuna": "San José de la Mariquina",
    "region": "La Araucanía"
  },
  {
    "comuna": "Valdivia",
    "region": "Los Ríos"
  },
  {
    "comuna": "La Unión",
    "region": "Los Ríos"
  },
  {
    "comuna": "Río Bueno",
    "region": "Los Ríos"
  },
  {
    "comuna": "Paillaco",
    "region": "Los Ríos"
  },
  {
    "comuna": "Futrono",
    "region": "Los Ríos"
  },
  {
    "comuna": "Lago Ranco",
    "region": "Los Ríos"
  },
  {
    "comuna": "Osorno",
    "region": "Los Lagos"
  },
  {
    "comuna": "Puerto Montt",
    "region": "Los Lagos"
  },
  {
    "comuna": "Puerto Varas",
    "region": "Los Lagos"
  },
  {
    "comuna": "Castro",
    "region": "Los Lagos"
  },
  {
    "comuna": "Ancud",
    "region": "Los Lagos"
  },
  {
    "comuna": "Chonchi",
    "region": "Los Lagos"
  },
  {
    "comuna": "Dalcahue",
    "region": "Los Lagos"
  },
  {
    "comuna": "Quellón",
    "region": "Los Lagos"
  },
  {
    "comuna": "Coyhaique",
    "region": "Aysén"
  },
  {
    "comuna": "Puerto Aysén",
    "region": "Aysén"
  },
  {
    "comuna": "Puerto Cisnes",
    "region": "Aysén"
  },
  {
    "comuna": "Punta Arenas",
    "region": "Magallanes"
  },
  {
    "comuna": "Puerto Natales",
    "region": "Magallanes"
  },
  {
    "comuna": "Porvenir",
    "region": "Magallanes"
  },
  {
    "comuna": "Santiago",
    "region": "Metropolitana"
  },
  {
    "comuna": "Puente Alto",
    "region": "Metropolitana"
  },
  {
    "comuna": "Maipú",
    "region": "Metropolitana"
  },
  {
    "comuna": "La Florida",
    "region": "Metropolitana"
  },
  {
    "comuna": "San Bernardo",
    "region": "Metropolitana"
  },
  {
    "comuna": "Las Condes",
    "region": "Metropolitana"
  },
  {
    "comuna": "Pudahuel",
    "region": "Metropolitana"
  },
  {
    "comuna": "La Pintana",
    "region": "Metropolitana"
  },
  {
    "comuna": "El Bosque",
    "region": "Metropolitana"
  },
  {
    "comuna": "Peñalolén",
    "region": "Metropolitana"
  },
  {
    "comuna": "Quilicura",
    "region": "Metropolitana"
  }
]